id,Binom,Poisson,Seq,Name,Date
1,0,6,1,Mordecai Goodwell,6.11.2016
2,1,4,1,Issy Pikesley,30.8.2016
3,1,8,1,Jamima Dafter,17.10.2016
4,0,2,1,Prissie Hutson,19.5.2016
5,0,3,1,Mikkel Lentsch,30.10.2016
6,1,4,1,Rosalynd Lean,10.2.2017
7,1,3,1,Merl Cairns,29.8.2016
8,1,10,1,Prissie Baudrey,25.10.2016
9,1,4,1,Hymie Mountstephen,25.1.2017
10,1,6,1,Osborn Matiebe,21.6.2016
11,0,5,1,Maritsa Lough,19.5.2016
12,1,8,1,Carlita Robardley,18.10.2016
13,1,10,1,Randa Gladdin,13.12.2016
14,1,4,1,Chevalier Bernardez,24.3.2017
15,0,5,1,Virginia Di Matteo,2.12.2016
16,1,6,1,Bill Bruno,23.7.2016
17,0,9,1,Correy Lere,14.3.2017
18,1,7,1,Aldo Dacres,15.2.2017
19,0,2,1,Kailey Ayscough,11.8.2016
20,0,5,1,Errick O'Hone,12.6.2016
21,1,2,1,Gilemette Farnall,18.5.2016
22,0,5,1,Denny Millam,16.12.2016
23,0,3,1,Gavin Matley,2.8.2016
24,0,7,1,Russ Darte,3.7.2016
25,0,7,1,Marten Truckett,15.10.2016
26,1,5,1,Reg Paute,21.7.2016
27,0,2,1,Sara-ann Gentsch,27.10.2016
28,1,4,1,Rikki Ribou,13.6.2016
29,0,6,1,Mendie Heberden,12.7.2016
30,1,8,1,Rick Bremmell,7.10.2016
31,1,6,1,Masha MacCaig,17.7.2016
32,0,9,1,Lawton Emson,10.2.2017
33,1,5,1,Percy Bloxham,9.9.2016
34,1,5,1,Ulrick Faivre,7.9.2016
35,1,11,1,Romona Chislett,23.10.2016
36,0,4,1,Andrey Orrice,18.5.2016
37,0,5,1,Demetris Lehmann,3.8.2016
38,0,5,1,Aurelea Sarre,19.5.2016
39,0,4,1,Caitlin Roote,5.8.2016
40,1,2,1,Netta Dammarell,16.10.2016
41,1,2,1,Viviana Reyes,3.12.2016
42,0,3,1,Bay Lowin,16.3.2017
43,1,6,1,Wylie Benedit,17.9.2016
44,0,3,1,Domeniga Antonomolii,28.6.2016
45,1,3,1,Adelle Eubank,9.11.2016
46,0,1,1,Gardener Graybeal,2.7.2016
47,0,4,1,Kirsten FitzGeorge,29.9.2016
48,0,7,1,Jennette Cicconetti,10.4.2017
49,0,2,1,Shalna Mix,28.6.2016
50,1,8,1,Geoffry Orsman,2.6.2016
51,0,4,1,Fons Cruise,16.12.2016
52,0,6,1,Todd Luddy,4.10.2016
53,1,9,1,Daveen Addicote,23.9.2016
54,0,5,1,Nissie Harrell,8.5.2017
55,1,7,1,Forrester Bansal,23.12.2016
56,1,4,1,Ebonee Whithorn,9.6.2016
57,1,5,1,Massimiliano Plumridege,14.4.2017
58,1,4,1,Reggy Stedell,30.3.2017
59,1,3,1,Broddie Vlies,23.5.2016
60,0,8,1,Raynell Inder,12.4.2017
61,0,3,1,Gillan Minmagh,25.7.2016
62,1,2,1,Israel Kaine,11.12.2016
63,0,9,1,Lucille Renner,12.2.2017
64,0,6,1,Dede Chell,10.8.2016
65,0,6,1,Gerard Totterdill,15.2.2017
66,0,4,1,Kiel Lunny,28.6.2016
67,0,5,1,Anstice Eldon,18.10.2016
68,1,3,1,Mathew Hekkert,9.5.2017
69,1,5,1,Ricki Suggey,12.9.2016
70,1,4,1,Pearla Baus,21.11.2016
71,1,7,1,Hazlett Giacopini,3.11.2016
72,0,8,1,Brenn Bauldry,10.3.2017
73,0,3,1,Hyacinth Daubeny,15.7.2016
74,1,7,1,Aigneis Bonnor,22.12.2016
75,1,6,1,Eolanda Kenwin,10.2.2017
76,1,7,1,Cathrine Ossulton,29.5.2016
77,0,5,1,Charo Sikorsky,23.3.2017
78,0,5,1,Mavra Feldberg,20.4.2017
79,1,5,1,Enid Fearnley,27.11.2016
80,1,4,1,Ardelis McCurley,9.6.2016
81,1,6,1,Layne Edy,28.2.2017
82,0,6,1,Natale Flaxon,26.2.2017
83,0,8,1,Marietta Hanhard,12.10.2016
84,1,4,1,Brennen Feathersby,15.8.2016
85,1,6,1,Blythe Slora,14.12.2016
86,0,2,1,Samuel Buttel,31.1.2017
87,0,1,1,Jourdan Bote,8.2.2017
88,0,13,1,Bernelle Deave,26.6.2016
89,1,2,1,Thatcher Franks,11.12.2016
90,0,5,1,Kippy Edgett,21.4.2017
91,0,3,1,Maddi Kuschel,29.11.2016
92,1,8,1,Lenee O'Cannan,26.1.2017
93,1,5,1,Jillane Silson,18.4.2017
94,0,4,1,Ann Fiddeman,27.10.2016
95,0,5,1,Pincus Hauxwell,25.2.2017
96,0,7,1,Seth Lorenz,4.10.2016
97,1,6,1,Ernestus Laville,20.11.2016
98,1,5,1,Adore Ixer,26.10.2016
99,1,5,1,Griz Grinnikov,4.8.2016
100,0,2,1,Loralee MacNeice,11.2.2017
101,0,3,1,Wanda Greenhalf,15.9.2016
102,1,3,1,Jacquie Sweetenham,1.11.2016
103,0,4,1,Torin Derby,22.10.2016
104,1,2,1,Garrik Rootham,27.1.2017
105,1,2,1,Riane Hardson,22.2.2017
106,1,5,1,Oralie Denyukin,11.3.2017
107,1,6,1,Nanni Dampney,24.8.2016
108,0,6,1,Law Couvet,13.7.2016
109,1,1,1,Nissie Epinay,6.8.2016
110,0,2,1,Holt Farnish,18.2.2017
111,1,9,1,Gertrud Yarranton,11.11.2016
112,1,1,1,Faydra Bentke,20.6.2016
113,0,9,1,Marijo Pottie,18.4.2017
114,1,2,1,Philippe Filipchikov,23.9.2016
115,0,4,1,Ellynn Work,3.4.2017
116,1,4,1,Cacilia Carletti,15.8.2016
117,0,4,1,Constanta Tume,3.1.2017
118,0,7,1,Donna Redsull,19.5.2016
119,0,4,1,Derek Prendergrast,18.4.2017
120,0,3,1,Clair Cavie,25.9.2016
121,0,2,1,Allsun Bartke,9.1.2017
122,0,2,1,Hanson Tomankowski,30.12.2016
123,0,4,1,Ronny Edyson,29.8.2016
124,0,4,1,Berti Lintot,10.4.2017
125,0,3,1,Christian Carbry,20.8.2016
126,1,4,1,Fields Rival,24.11.2016
127,0,4,1,Jerrie Merrall,28.1.2017
128,0,6,1,Caria Fortye,11.11.2016
129,1,4,1,Alonzo Campanelle,17.4.2017
130,1,3,1,Kaile Dulinty,13.10.2016
131,0,4,1,Issy Sykora,27.6.2016
132,0,4,1,Glennie Shelton,13.7.2016
133,0,9,1,Shoshanna Jefferys,15.1.2017
134,0,2,1,Ferdie Radleigh,7.2.2017
135,0,4,1,Clerc Dessaur,27.4.2017
136,1,6,1,Corbett Featley,31.5.2016
137,0,4,1,Winonah Brolly,30.7.2016
138,1,6,1,Fletch Avieson,25.1.2017
139,0,6,1,Edgard Cutmare,1.5.2017
140,1,7,1,Adriaens Perocci,21.5.2016
141,1,3,1,Katusha Gorger,27.10.2016
142,1,2,1,Janaya Willans,2.9.2016
143,1,3,1,Dalston Bucham,19.6.2016
144,0,4,1,Whitney Eliez,21.7.2016
145,0,6,1,Zechariah Tedder,19.10.2016
146,1,4,1,Ade Flello,7.12.2016
147,0,1,1,Ingrim Enbury,24.3.2017
148,0,7,1,Beatriz Faro,25.10.2016
149,0,6,1,Ardene Vasilevich,22.7.2016
150,1,6,1,Janel Tamsett,1.5.2017
151,1,2,1,Ainsley Jessup,25.1.2017
152,1,7,1,Devan Groom,10.12.2016
153,1,4,1,Hetty Antrag,19.6.2016
154,1,3,1,Bud Collet,7.12.2016
155,0,6,1,Vina Tripet,19.5.2016
156,0,6,1,Claudia Totman,1.10.2016
157,1,4,1,Wallie Telega,22.11.2016
158,0,2,1,Devin Reiners,16.12.2016
159,1,3,1,Nancy Buckle,15.10.2016
160,0,6,1,Papagena Wigley,14.1.2017
161,0,3,1,Bartholomeo Pinch,29.11.2016
162,1,3,1,Aurelia Doodney,25.5.2016
163,0,8,1,Corbie Tarquini,14.9.2016
164,0,5,1,Laurens Simo,6.2.2017
165,1,4,1,Dedie Farbrace,14.2.2017
166,1,5,1,Reinold Willetts,15.12.2016
167,0,5,1,Ted Tapin,6.10.2016
168,0,2,1,Frederigo Tupp,8.8.2016
169,0,5,1,Marilee O'Shirine,4.11.2016
170,0,3,1,Ruy Moyer,8.7.2016
171,1,7,1,Alicia Cawthry,6.2.2017
172,1,5,1,Rozalin Weerdenburg,18.9.2016
173,0,2,1,Doralyn Kleint,11.4.2017
174,0,10,1,Lorianna Milward,16.9.2016
175,0,3,1,Brigitta Gilliver,21.10.2016
176,1,2,1,Eleni Brisard,7.7.2016
177,1,4,1,Grant Dresche,18.1.2017
178,1,2,1,Whitney Beche,26.3.2017
179,1,4,1,Aldus Jezzard,22.4.2017
180,0,5,1,Ignazio Byrcher,30.7.2016
181,0,6,1,Saul Mountney,30.6.2016
182,0,7,1,Jenda Tonks,4.1.2017
183,1,5,1,Base Wratten,1.2.2017
184,1,8,1,Selinda Muldoon,19.3.2017
185,1,2,1,Feliza Nelius,18.6.2016
186,0,4,1,Wyndham MacNeely,7.12.2016
187,0,7,1,Thomasin Knipe,23.7.2016
188,1,5,1,Dorella Wernher,21.12.2016
189,0,6,1,Olly Kleinerman,23.2.2017
190,0,4,1,Ricca Auchterlony,6.9.2016
191,0,4,1,Roxi Collum,31.10.2016
192,1,3,1,Adella Sire,3.6.2016
193,1,6,1,Ulric Akast,2.7.2016
194,0,1,1,Greer Formoy,14.12.2016
195,1,7,1,Abbott Lafont,12.1.2017
196,0,3,1,Othella Wiggam,6.7.2016
197,1,12,1,Nicolina Meddemmen,31.3.2017
198,1,7,1,Karola Duxbarry,23.11.2016
199,1,6,1,Maire Slimon,7.11.2016
200,0,5,1,Novelia Pehrsson,29.7.2016
201,1,3,1,Myca MacManus,2.4.2017
202,1,4,1,Rodolfo Quickfall,29.12.2016
203,1,6,1,Flori Thys,31.7.2016
204,1,5,1,Rafaelia Surgenor,5.5.2017
205,1,3,1,Marcello Gasker,1.5.2017
206,0,2,1,Aurlie Scamadin,8.6.2016
207,1,7,1,Yanaton Spring,6.6.2016
208,1,7,1,Joshua aManger,19.9.2016
209,0,4,1,Catina Fluin,9.4.2017
210,0,9,1,Jules Treuge,4.3.2017
211,0,7,1,Riley McQuorkell,15.5.2017
212,0,6,1,Davie Kleewein,26.10.2016
213,1,8,1,Ammamaria Gammie,16.8.2016
214,0,5,1,Rem O'Hagan,3.4.2017
215,0,6,1,Anselma Hubberstey,20.6.2016
216,0,7,1,Ulrika Guilford,11.3.2017
217,0,5,1,Patrice Auden,17.11.2016
218,0,8,1,Milt Sandels,30.1.2017
219,0,6,1,Enos Shattock,6.2.2017
220,0,8,1,Denyse Ech,4.8.2016
221,0,4,1,Damaris Gossan,12.2.2017
222,1,6,1,Mattie Swatman,10.4.2017
223,0,7,1,Tony Van Dalen,21.4.2017
224,0,7,1,Nerissa Ramsdell,15.4.2017
225,1,5,1,Bren Bowles,22.8.2016
226,0,7,1,Jaimie Leuty,31.12.2016
227,0,7,1,Albina Gildersleeve,23.3.2017
228,1,9,1,Rhett Larwood,24.2.2017
229,1,7,1,Jerad Baignard,18.6.2016
230,0,7,1,Wileen Hadigate,15.1.2017
231,0,8,1,Cosetta Coulbeck,16.2.2017
232,1,5,1,Roseline Claworth,20.3.2017
233,1,3,1,Ber Dowers,15.11.2016
234,0,3,1,Ferrel Vickar,1.1.2017
235,0,7,1,Ardyth Tison,18.7.2016
236,0,2,1,Marice Broadbear,3.3.2017
237,1,10,1,Wallis Wilshire,12.9.2016
238,1,3,1,Bell Mintoff,24.6.2016
239,0,4,1,Monti Van Cassel,2.11.2016
240,0,5,1,Broddy Toppes,9.4.2017
241,0,4,1,Marshall Gotthard,25.6.2016
242,0,4,1,Thaine Maclaine,18.6.2016
243,1,6,1,Christal Firpi,13.12.2016
244,0,4,1,Fancie Dormer,22.1.2017
245,1,7,1,Belicia Phythien,18.12.2016
246,0,4,1,Nissie Tregenza,13.7.2016
247,0,5,1,Melloney Wulfinger,4.1.2017
248,0,6,1,Norbie Ginger,25.7.2016
249,1,5,1,Rusty McCallister,24.4.2017
250,1,9,1,Marleen Becks,19.8.2016
251,0,8,1,Cointon Burrells,14.2.2017
252,0,6,1,Georgy Baudins,26.3.2017
253,1,7,1,Ardys Duck,11.6.2016
254,0,4,1,Cirillo Carles,1.11.2016
255,0,4,1,Gallagher Dreng,6.7.2016
256,1,4,1,Gui Garrison,5.11.2016
257,0,7,1,Albertine Stener,21.8.2016
258,0,8,1,Edmon Tidman,23.4.2017
259,0,3,1,Quentin Ivel,2.8.2016
260,1,5,1,Sukey Avory,19.2.2017
261,0,7,1,Zeb Warbey,4.11.2016
262,0,7,1,Monti McMechan,3.11.2016
263,0,6,1,Willow Seemmonds,22.2.2017
264,0,4,1,Lowe Kemmis,3.5.2017
265,1,4,1,Reece Kopta,7.5.2017
266,1,7,1,Avrom Mcall,8.3.2017
267,1,6,1,Fleur Geddes,23.10.2016
268,1,3,1,Elvis Boyn,1.6.2016
269,1,3,1,Kleon Kernaghan,27.10.2016
270,0,3,1,Jacquelin Sleath,22.4.2017
271,1,3,1,Kaja Mariel,3.6.2016
272,1,6,1,Shayla Gair,7.8.2016
273,1,10,1,Trudi Cleft,11.6.2016
274,1,2,1,Nye Ickeringill,27.2.2017
275,1,3,1,Dolli Tregear,4.3.2017
276,0,5,1,Alana Deeman,30.5.2016
277,0,6,1,Licha Cardenoza,25.3.2017
278,1,5,1,Myrtice Birckmann,6.9.2016
279,1,5,1,Leopold Hagan,21.6.2016
280,1,4,1,Joey Learmonth,21.8.2016
281,1,3,1,Gabbey Patterson,10.5.2017
282,1,4,1,Karine Clotworthy,15.10.2016
283,1,4,1,Issie Caron,21.10.2016
284,1,8,1,Emlynn Maunsell,4.10.2016
285,0,7,1,Fidela Pendrich,30.7.2016
286,0,6,1,Freddie Marrington,11.8.2016
287,1,4,1,Ilsa Osgorby,24.10.2016
288,1,1,1,Micheal Tiron,6.11.2016
289,0,3,1,Janella Andretti,10.1.2017
290,0,5,1,Lexie Wimmer,23.7.2016
291,0,1,1,Frannie Barrowcliff,8.9.2016
292,0,4,1,Kassie Peyzer,22.1.2017
293,1,1,1,Aubrie Kroin,20.12.2016
294,0,2,1,Madelon Wight,23.11.2016
295,0,8,1,Michell Wrathmall,19.5.2016
296,0,3,1,Otha Greatreax,30.11.2016
297,1,4,1,Tiertza Dyson,24.6.2016
298,0,4,1,Say Semens,24.2.2017
299,1,3,1,Demetris Ashbey,5.5.2017
300,1,6,1,Gloria Sircomb,11.4.2017
301,0,6,1,Maud Hamm,4.12.2016
302,0,3,1,Charity Guinn,12.3.2017
303,1,4,1,Bron Burdass,26.7.2016
304,1,4,1,Eda Pedrocchi,17.4.2017
305,0,2,1,Derry Revens,28.10.2016
306,1,12,1,Amelia Norcutt,19.7.2016
307,1,5,1,Issi Sibbs,13.12.2016
308,0,4,1,Marilyn Nicely,24.4.2017
309,0,4,1,Elberta Oley,19.5.2016
310,0,4,1,Nolana Lintall,20.8.2016
311,0,5,1,Salomon Stanners,5.2.2017
312,0,6,1,Consolata Kilshaw,17.6.2016
313,1,8,1,Loren Ibbison,31.7.2016
314,1,4,1,Antoine Caldicot,13.7.2016
315,0,6,1,Josias Cadding,29.5.2016
316,1,11,1,Melosa Pillman,4.11.2016
317,0,4,1,Hilly Downes,4.12.2016
318,1,4,1,Joyous Lethcoe,25.3.2017
319,1,5,1,Town Freestone,10.12.2016
320,1,5,1,Marion McElane,9.4.2017
321,0,6,1,Kiley Rickaert,20.12.2016
322,0,5,1,Briny Huckle,24.11.2016
323,0,4,1,Antoine Lugard,15.2.2017
324,1,7,1,Eduino Janus,26.5.2016
325,0,4,1,Chucho Bockman,28.7.2016
326,0,2,1,Rice Hightown,7.8.2016
327,1,4,1,Damita Sicely,10.10.2016
328,0,3,1,Emili Broose,1.2.2017
329,0,1,1,Bevin Glinde,3.6.2016
330,1,9,1,Garrett Stove,19.10.2016
331,0,4,1,Isidro Sowerbutts,8.3.2017
332,1,8,1,Erie Fennell,9.6.2016
333,1,7,1,Hans Doull,10.1.2017
334,0,3,1,Rafe Eyre,14.7.2016
335,1,6,1,Marcy Allberry,25.3.2017
336,0,6,1,Kimberly Shackel,15.3.2017
337,1,2,1,Polly Sangwin,31.5.2016
338,1,4,1,Daisi Marde,2.6.2016
339,1,1,1,Pierce Shutler,1.1.2017
340,1,3,1,Papageno Clemmen,12.7.2016
341,1,4,1,Arney Jerome,15.11.2016
342,0,2,1,Peggy Kachel,23.1.2017
343,0,8,1,Ranna Upwood,30.5.2016
344,1,9,1,Carson Topp,16.7.2016
345,1,4,1,Ethel Seakin,31.10.2016
346,1,6,1,Silvia Wolfit,21.6.2016
347,0,6,1,Remington Tregea,5.4.2017
348,0,6,1,Clayson Kielt,11.2.2017
349,1,3,1,Rand Barmadier,16.4.2017
350,1,7,1,Maire Dumsday,4.10.2016
351,1,3,1,Angelo Alchin,13.11.2016
352,1,10,1,Phineas Effnert,8.7.2016
353,0,6,1,Roley Sorsbie,16.11.2016
354,0,1,1,Darby Parchment,11.11.2016
355,1,2,1,Kerby Allchorne,13.6.2016
356,0,4,1,Norri Sharnock,20.4.2017
357,0,6,1,Clayson Pearcey,6.10.2016
358,0,6,1,Paulina Tomasian,31.12.2016
359,0,5,1,Jodie Giovanni,23.11.2016
360,0,4,1,Jocelyne Greenaway,18.7.2016
361,0,3,1,Chiarra Gilogly,9.8.2016
362,0,4,1,Tye Staley,4.8.2016
363,0,7,1,Mandel Loade,17.9.2016
364,1,6,1,Rustie Brenton,15.11.2016
365,0,7,1,Lavinie Wooff,19.12.2016
366,0,5,1,Kelwin Mullard,10.5.2017
367,1,2,1,Tuesday Clemenson,6.1.2017
368,0,5,1,Ansley Hughesdon,2.6.2016
369,0,5,1,Mitchell Tue,7.12.2016
370,0,6,1,Sholom Lindenfeld,7.2.2017
371,0,1,1,Vivi Dainton,18.6.2016
372,0,6,1,Marsh Bamlett,1.6.2016
373,0,5,1,Dill Fearnyhough,1.8.2016
374,1,6,1,Redd Collecott,22.9.2016
375,0,7,1,Dorry Gunderson,7.3.2017
376,1,7,1,Frederic Cawthorn,22.2.2017
377,0,2,1,Nannie Mallall,14.1.2017
378,0,10,1,Francene Waterland,28.1.2017
379,0,7,1,Roxy Lethbrig,24.1.2017
380,0,6,1,Purcell Andrysiak,14.6.2016
381,1,2,1,Blondell Clemensen,28.7.2016
382,1,2,1,Sheff Fergusson,17.3.2017
383,0,4,1,Victoria Artinstall,8.7.2016
384,0,4,1,Leta Mahedy,8.1.2017
385,0,4,1,Whitney Benedikt,1.6.2016
386,1,3,1,Clementine Pechan,2.11.2016
387,1,9,1,Margi Peasnone,10.10.2016
388,0,3,1,Huntley Aronovich,3.4.2017
389,0,6,1,Wye Wolsey,8.6.2016
390,1,5,1,Alis Pendleton,20.4.2017
391,0,6,1,Maurits Copas,27.1.2017
392,0,2,1,Tannie Tsar,4.1.2017
393,0,7,1,Carmen Beggini,1.8.2016
394,0,5,1,Kinna Solomon,20.1.2017
395,0,3,1,Anita Yeskov,4.12.2016
396,0,8,1,Ingrim Tewelson,23.5.2016
397,0,4,1,Jerrylee Gillooly,20.11.2016
398,0,1,1,Jaine Eyckelberg,29.6.2016
399,0,6,1,Mata Daventry,27.3.2017
400,0,4,1,Issy Brigg,26.7.2016
401,1,5,1,Georgena Ackeroyd,20.9.2016
402,1,5,1,Hamlen Westfalen,15.5.2017
403,1,2,1,Emanuele Mantha,21.4.2017
404,1,6,1,Jeannine O'Loinn,6.6.2016
405,1,6,1,Ayn Petrovykh,17.11.2016
406,0,3,1,Lucila Andrus,21.1.2017
407,0,5,1,Karisa Boog,13.7.2016
408,0,4,1,Madelene Grimbaldeston,6.8.2016
409,0,5,1,Emilio Hillatt,24.6.2016
410,0,5,1,Brice Challenger,2.6.2016
411,0,1,1,Rose Narracott,21.1.2017
412,1,6,1,Peter Bloggett,29.5.2016
413,1,6,1,Cletus Pendre,21.7.2016
414,1,8,1,Myrtia Mariet,9.12.2016
415,1,3,1,Dannel Suston,23.10.2016
416,1,4,1,Sapphire Benion,30.8.2016
417,0,5,1,Katerina Cannell,4.12.2016
418,1,4,1,Bartholomew Blasiak,4.5.2017
419,0,4,1,Micki Fishwick,11.2.2017
420,0,10,1,Benedict Bradnock,17.9.2016
421,0,3,1,Nike Shillom,22.1.2017
422,0,7,1,Bathsheba Labern,22.11.2016
423,1,12,1,Bartlett McLaverty,7.8.2016
424,0,5,1,Glad Salvati,16.9.2016
425,1,4,1,Ennis Deane,5.5.2017
426,0,6,1,Wendy Stammer,1.2.2017
427,1,5,1,Homerus Pignon,28.7.2016
428,1,5,1,Michaella Habberjam,15.2.2017
429,1,6,1,Idette Ruspine,23.7.2016
430,1,7,1,Kaela Speeks,2.5.2017
431,1,2,1,Edsel Radage,31.5.2016
432,1,3,1,Elmore Leas,18.12.2016
433,0,6,1,Mandie Rainbow,9.8.2016
434,0,6,1,Geralda Prinnett,2.10.2016
435,0,3,1,Clarabelle Hendrik,26.6.2016
436,0,8,1,Pierre La Grange,22.3.2017
437,1,5,1,Bil Philbrick,4.8.2016
438,0,7,1,Darcee Sidry,26.11.2016
439,0,6,1,Francis Revel,4.2.2017
440,1,7,1,Drud Pennetta,17.7.2016
441,1,4,1,Ivor Shea,4.8.2016
442,1,5,1,Joey Helkin,14.11.2016
443,1,5,1,Rufe Dunkerton,20.3.2017
444,0,1,1,Myrtie Brydie,7.3.2017
445,1,5,1,Kent Galliver,11.1.2017
446,0,3,1,Lazar Maddern,31.10.2016
447,1,2,1,Ric Stoade,2.6.2016
448,0,7,1,Sumner Luke,23.10.2016
449,0,4,1,Brendan Croke,27.8.2016
450,0,6,1,Dulcia Dominick,8.4.2017
451,0,3,1,Christel Batrim,25.9.2016
452,0,4,1,Donavon Zold,4.7.2016
453,1,3,1,Aida Goscar,21.3.2017
454,0,2,1,Simeon Amaya,5.6.2016
455,1,5,1,Berty Cabera,15.5.2017
456,0,1,1,Francisco Gawthorp,26.11.2016
457,1,6,1,Kippie Cracknell,13.11.2016
458,0,3,1,Harlen Shwenn,20.4.2017
459,1,10,1,Valina De Roberto,15.7.2016
460,0,5,1,Myrlene Baldwin,29.5.2016
461,0,4,1,Odella Cassy,6.5.2017
462,0,6,1,Giordano Dirkin,8.8.2016
463,0,8,1,Adey Carnaman,7.5.2017
464,0,11,1,Joann Izkovici,9.7.2016
465,0,6,1,Jayme Boughtflower,16.1.2017
466,1,3,1,Matty Cane,7.2.2017
467,0,5,1,Sioux Sayles,9.9.2016
468,0,6,1,Erna Hay,3.6.2016
469,0,4,1,Christabel Jellybrand,13.5.2017
470,0,4,1,Rudy Mullineux,11.4.2017
471,0,4,1,Huntlee Woollcott,31.1.2017
472,1,6,1,Annamarie Jahner,20.7.2016
473,0,7,1,Hillier Kirkwood,19.9.2016
474,1,3,1,Terese McPeck,26.7.2016
475,1,4,1,Ximenes Wattins,7.7.2016
476,0,5,1,Carree Dudding,16.7.2016
477,1,3,1,Timothea Berrick,16.10.2016
478,1,3,1,Ariela Pentycost,18.3.2017
479,0,7,1,Clarie Gainseford,18.4.2017
480,0,4,1,Cornelle Suller,29.8.2016
481,0,3,1,Nataniel Fortesquieu,24.1.2017
482,0,1,1,Letisha Aikett,4.4.2017
483,1,6,1,Emma Morrott,5.6.2016
484,1,6,1,Isaak Smallbone,4.11.2016
485,0,9,1,Goddart Hugonneau,26.1.2017
486,0,3,1,Emelina Coyle,21.6.2016
487,1,2,1,Tabina Syrad,14.9.2016
488,0,7,1,Isis Iacobo,15.6.2016
489,1,3,1,Yurik Reisk,30.1.2017
490,1,3,1,Tab Mannix,6.10.2016
491,0,6,1,Camile McCuis,16.3.2017
492,0,6,1,Warde O'Lennane,7.4.2017
493,0,7,1,Myca Lakey,15.7.2016
494,0,2,1,Norina Yerborn,25.9.2016
495,0,8,1,Gualterio Clitherow,9.1.2017
496,0,1,1,Coreen Seller,31.7.2016
497,1,10,1,Ceciley Schurcke,28.1.2017
498,0,5,1,Aubine Bouldstridge,19.4.2017
499,0,2,1,Benton Deacock,15.8.2016
500,0,3,1,Katinka Lean,3.12.2016
501,0,6,1,Vernice Holt,23.2.2017
502,0,7,1,Orlando Geerdts,25.10.2016
503,0,7,1,Oswell Giffon,15.3.2017
504,0,4,1,Tarah Crickmer,17.12.2016
505,1,6,1,Terri Cullingworth,16.1.2017
506,1,5,1,Peyton Duchatel,25.4.2017
507,0,7,1,Dianemarie Winterscale,2.10.2016
508,1,4,1,Jermayne Bidgood,25.5.2016
509,1,10,1,Alejoa Gulley,22.1.2017
510,0,7,1,Alexandra Monahan,11.10.2016
511,1,2,1,Tadeas Fayter,14.9.2016
512,0,11,1,Yolane Hoyle,4.8.2016
513,0,1,1,Ardyce Dart,4.7.2016
514,0,5,1,Benedikta Clayal,29.9.2016
515,1,7,1,Fabien Kubista,19.5.2016
516,0,6,1,Holly Kiddye,24.10.2016
517,1,4,1,Luci Hinzer,18.4.2017
518,0,7,1,Stesha Baudains,14.6.2016
519,0,5,1,Jorry Eyckelberg,27.8.2016
520,1,5,1,Kenneth Wasson,4.2.2017
521,1,2,1,Norri Jansen,27.7.2016
522,0,2,1,Werner Ibbs,18.7.2016
523,1,6,1,Mischa Gadeaux,17.6.2016
524,1,3,1,Devlen Speake,30.11.2016
525,0,5,1,Sarge Duckerin,24.10.2016
526,1,7,1,Mic Culpan,30.1.2017
527,1,3,1,Perren Lates,18.8.2016
528,1,4,1,Stearn Mavin,18.2.2017
529,1,3,1,Wendell Kimbrey,12.3.2017
530,0,2,1,Austina Cosins,26.8.2016
531,1,6,1,Cymbre Tyrone,18.3.2017
532,1,8,1,Donnajean Springle,5.11.2016
533,0,2,1,Eddy Di Carlo,17.4.2017
534,1,3,1,Hubey Malyan,14.12.2016
535,1,5,1,Neysa Brannan,16.12.2016
536,1,2,1,La verne Piele,5.2.2017
537,0,3,1,Felice Gowers,16.6.2016
538,1,2,1,Darryl Virgoe,14.8.2016
539,0,10,1,Phelia Rahill,9.11.2016
540,1,4,1,Reinaldos Vardie,4.3.2017
541,0,3,1,Wallis Gowdie,22.3.2017
542,0,5,1,Stephie Banghe,17.2.2017
543,0,4,1,Debi Behning,30.1.2017
544,0,7,1,Petronella Zupo,22.7.2016
545,1,6,1,Colas Sinfield,14.6.2016
546,0,7,1,Shamus Blaycock,23.2.2017
547,0,3,1,Adelheid Chittem,23.2.2017
548,0,2,1,Herc Corrigan,23.2.2017
549,0,7,1,Lotty Yeldham,8.10.2016
550,1,5,1,Gerome Chazotte,2.4.2017
551,0,6,1,Dinny Magson,14.6.2016
552,1,3,1,Cassius Wilton,6.4.2017
553,0,6,1,Enrico Salthouse,28.8.2016
554,1,7,1,Jordana Flaxon,27.11.2016
555,0,2,1,Ardra Branney,22.9.2016
556,0,2,1,Kin Parmeter,16.7.2016
557,0,5,1,Olga Nevins,16.5.2016
558,0,6,1,Fayina Ratnage,25.4.2017
559,0,4,1,Dino Treacher,14.10.2016
560,1,6,1,Terry Pionter,31.1.2017
561,1,4,1,Lou Yetts,28.5.2016
562,0,4,1,Teressa McNaught,8.10.2016
563,1,5,1,Jandy Sparshett,10.7.2016
564,1,3,1,Almeda Gamble,24.6.2016
565,0,3,1,Jermaine Dashper,8.5.2017
566,0,3,1,Benjamin Verriour,4.12.2016
567,1,6,1,Pandora Eveque,22.6.2016
568,1,7,1,Malinda Obern,10.1.2017
569,1,6,1,Giacomo Gori,7.3.2017
570,0,5,1,Bertha Drakes,21.8.2016
571,0,2,1,Cord Oloshkin,7.7.2016
572,0,7,1,Maude Lewknor,20.9.2016
573,0,4,1,Penn Oles,30.1.2017
574,1,4,1,Lonni O' Brian,15.12.2016
575,0,3,1,Zaccaria Gabitis,3.6.2016
576,1,8,1,Inger Benditt,25.5.2016
577,1,5,1,Jori Capsey,8.9.2016
578,1,1,1,Bunnie Trittam,11.5.2017
579,0,7,1,Anetta Jefferd,1.3.2017
580,1,3,1,Amye Allflatt,11.3.2017
581,0,4,1,Thurston Spadoni,13.1.2017
582,0,10,1,Karlyn Halms,16.12.2016
583,0,3,1,Uta Axe,26.2.2017
584,0,6,1,Asher Kerwen,25.5.2016
585,1,2,1,Denny Cecchi,3.10.2016
586,1,3,1,Beatrisa Mackieson,31.1.2017
587,0,7,1,Rancell Capoun,21.1.2017
588,0,1,1,Shermy Schutt,2.10.2016
589,0,6,1,Goldarina Bendare,22.2.2017
590,0,9,1,Steward Flowerden,20.10.2016
591,1,5,1,Rickey Kettley,20.11.2016
592,1,2,1,Vito Tomaschke,29.1.2017
593,0,3,1,Brod Bremmell,22.8.2016
594,0,3,1,Burk Popplewell,11.8.2016
595,0,4,1,Dunstan Haborn,2.4.2017
596,0,7,1,Debby Inker,20.7.2016
597,0,8,1,Sapphira McGuggy,10.1.2017
598,0,4,1,Alasdair Strutz,29.9.2016
599,1,3,1,Simonette Wilkins,4.5.2017
600,1,4,1,Frank Wetherell,30.7.2016
601,0,3,1,Sara-ann Yukhnin,19.10.2016
602,0,2,1,Zsa zsa Pughe,30.7.2016
603,0,7,1,Allie Maxworthy,1.3.2017
604,1,3,1,Isidor Durbin,11.9.2016
605,1,3,1,Luis Toffolo,27.12.2016
606,0,2,1,Morganica Agate,23.9.2016
607,0,6,1,Klaus Dagleas,6.5.2017
608,0,7,1,Alessandro Thynn,24.5.2016
609,1,6,1,Leeanne Muglestone,7.1.2017
610,1,5,1,Claiborn Olding,2.12.2016
611,1,7,1,Duffy McHarry,4.5.2017
612,1,5,1,Roi Blincow,14.5.2017
613,0,7,1,Yetty Beckingham,4.8.2016
614,0,5,1,Emmett Finch,17.10.2016
615,1,6,1,Tracey Petrushka,13.9.2016
616,1,2,1,Fernanda Bendare,23.8.2016
617,1,5,1,Nickie Fairfoot,4.11.2016
618,1,3,1,Grange Antoni,16.2.2017
619,1,3,1,Brennan Faragan,3.10.2016
620,1,1,1,Suki Summerscales,21.8.2016
621,0,8,1,Elias Peres,31.12.2016
622,1,4,1,Trisha Fellgett,22.6.2016
623,0,5,1,Michaelina Baser,10.3.2017
624,0,6,1,Blisse Illwell,12.9.2016
625,0,10,1,Elfie Ballay,2.8.2016
626,0,2,1,Shermie Nertney,11.10.2016
627,0,5,1,Philly Betts,6.1.2017
628,0,4,1,Ellynn Eim,1.5.2017
629,1,2,1,Ellene Vasilischev,14.10.2016
630,0,5,1,Kip Cawkwell,18.5.2016
631,1,9,1,Deirdre Lodwig,5.10.2016
632,0,6,1,Nina Sanderson,2.7.2016
633,0,5,1,Lia Slorance,4.7.2016
634,0,8,1,Hadlee Gleader,13.5.2017
635,1,7,1,Winnifred Fursey,21.3.2017
636,1,3,1,Issi Mushett,21.4.2017
637,1,4,1,Avivah Epdell,26.3.2017
638,1,11,1,Sky Gianettini,6.1.2017
639,1,7,1,Alick Houltham,26.5.2016
640,1,2,1,Sabra Huffadine,6.4.2017
641,0,2,1,Ritchie Ruecastle,29.11.2016
642,0,6,1,Freida Geerdts,2.10.2016
643,1,5,1,Henri Filippello,21.8.2016
644,0,5,1,Moe Lewsie,21.2.2017
645,0,2,1,Leilah Clewes,30.10.2016
646,0,4,1,Holly-anne Pracy,8.2.2017
647,1,6,1,Brenna Mandres,3.8.2016
648,0,5,1,Danette Alforde,16.6.2016
649,0,5,1,Hope Auletta,28.4.2017
650,1,3,1,Gearalt Gonsalvez,6.10.2016
651,0,10,1,Keen Robyns,25.7.2016
652,1,7,1,Morrie Welch,17.5.2016
653,1,8,1,Auberta Priddis,1.6.2016
654,0,4,1,Fern Dewhurst,27.10.2016
655,0,6,1,Devondra Alessandone,23.11.2016
656,0,6,1,Anett Chaudron,3.5.2017
657,0,6,1,Alex Dominico,11.3.2017
658,0,4,1,Crichton Hamal,8.9.2016
659,0,5,1,Janenna Gerold,28.1.2017
660,0,6,1,Harrietta Boughey,26.11.2016
661,0,5,1,Shannon Woolstenholmes,11.10.2016
662,0,2,1,Paolina Ryves,28.5.2016
663,0,4,1,Gena Dipple,3.2.2017
664,1,6,1,Jarvis Elt,10.9.2016
665,1,2,1,Dorthea Olyfant,12.1.2017
666,0,5,1,Urbain Neighbour,6.4.2017
667,1,4,1,Armstrong Sallter,19.11.2016
668,1,10,1,Salim Blethin,4.8.2016
669,0,8,1,Shelley Gabbetis,18.10.2016
670,1,6,1,Hastie Jaggi,8.5.2017
671,1,7,1,Fitzgerald Kornel,12.8.2016
672,0,3,1,Thomas Font,1.8.2016
673,1,7,1,Janaya Sliney,31.10.2016
674,0,8,1,Lilla Grestie,28.4.2017
675,0,3,1,Brewer Mayers,24.5.2016
676,0,7,1,Barty McCorkindale,28.12.2016
677,1,10,1,Barrie Hambric,27.6.2016
678,1,0,1,Ginnifer Apfler,7.2.2017
679,0,1,1,Donna Ruddiforth,13.5.2017
680,1,7,1,Daisi Rumford,30.4.2017
681,0,6,1,Shara Abbatt,25.7.2016
682,1,6,1,Maxine Altoft,30.12.2016
683,1,3,1,Taryn Macci,25.11.2016
684,0,5,1,Nana Magee,1.2.2017
685,0,1,1,Far Tremolieres,17.2.2017
686,0,2,1,Jillayne Fardy,17.9.2016
687,0,4,1,Dolf Applewhaite,23.12.2016
688,0,3,1,Lennard Willgoss,26.9.2016
689,0,8,1,Cherie Brunetti,6.4.2017
690,1,4,1,Goldie Camock,10.7.2016
691,0,3,1,Calley Hufton,7.3.2017
692,0,3,1,Ayn Blitz,12.9.2016
693,0,6,1,Herman Froome,21.2.2017
694,0,4,1,Moreen Tiuit,10.3.2017
695,1,11,1,Emilia Reeme,10.10.2016
696,0,9,1,Carlota Lorriman,7.12.2016
697,0,6,1,Valaria Marre,16.12.2016
698,1,6,1,Arnie Nockles,21.3.2017
699,0,6,1,Odie Melding,29.12.2016
700,1,8,1,Joletta Koppes,30.1.2017
701,0,3,1,Sena Lacroix,7.2.2017
702,0,2,1,Glenine Schimank,17.9.2016
703,0,5,1,Cy McCrostie,2.4.2017
704,0,3,1,Shaun Jorissen,22.11.2016
705,1,8,1,Matteo D'Ruel,19.5.2016
706,0,0,1,Shirlene Crummie,1.4.2017
707,1,5,1,Jerrie Cobley,23.12.2016
708,0,3,1,Nelle Bourtoumieux,9.9.2016
709,1,5,1,Annette Hinks,23.4.2017
710,0,3,1,Shelley Lettington,13.7.2016
711,0,10,1,Gery Matiasek,5.10.2016
712,1,5,1,Kipper Trehearne,7.5.2017
713,0,7,1,Lawton MacCorkell,22.4.2017
714,1,4,1,Omero Lentsch,11.3.2017
715,1,9,1,Adolphus Leavry,10.2.2017
716,1,4,1,Zedekiah Mitchell,14.8.2016
717,1,8,1,Francine Tran,28.1.2017
718,0,5,1,Olvan Alloisi,19.4.2017
719,1,2,1,Parry Duny,26.6.2016
720,1,3,1,Willa Van der Kruis,11.8.2016
721,1,11,1,Faber Cluckie,23.2.2017
722,0,6,1,Jennilee Dornan,24.11.2016
723,1,8,1,Harli Lytton,28.6.2016
724,0,5,1,Hogan Mixworthy,27.1.2017
725,0,6,1,Marchelle Poinsett,26.9.2016
726,0,2,1,Gnni Cabotto,7.5.2017
727,0,11,1,Vallie Paskin,11.4.2017
728,1,4,1,Sigismundo Matveiko,14.7.2016
729,1,5,1,Aleda Braybrook,20.6.2016
730,0,5,1,Kathe Fernandes,18.10.2016
731,0,4,1,Marcy De Gregoli,21.3.2017
732,0,5,1,Joscelin Dadd,21.9.2016
733,1,3,1,Sharla Burtonwood,26.10.2016
734,0,6,1,Delmore Adamovitz,15.8.2016
735,0,5,1,Nonie Horsley,12.6.2016
736,1,5,1,Chad Farherty,8.4.2017
737,0,3,1,Amble Gaiford,3.12.2016
738,0,7,1,Raimund Le Noire,4.11.2016
739,0,6,1,Nalani Staresmeare,27.4.2017
740,1,2,1,Mindy Stivey,21.5.2016
741,1,5,1,Fitzgerald McGrah,27.6.2016
742,0,4,1,Shanie Halley,6.11.2016
743,1,7,1,Micah Rodenburg,15.3.2017
744,1,5,1,Rockwell Rallinshaw,22.4.2017
745,1,6,1,Flori Semonin,25.1.2017
746,1,7,1,Bev Falls,7.1.2017
747,1,7,1,Sloane Maddern,26.10.2016
748,1,6,1,Myrvyn Doughartie,29.8.2016
749,0,8,1,Lil Spellecy,18.6.2016
750,1,4,1,Elvis Giannoni,20.12.2016
751,0,6,1,Avis Aylward,23.4.2017
752,0,6,1,Wandis Muttock,12.5.2017
753,1,7,1,Edlin Serfati,30.10.2016
754,0,5,1,Jarid McGougan,23.4.2017
755,1,4,1,Dominic Murney,5.6.2016
756,1,3,1,Eldredge Harness,19.12.2016
757,1,7,1,Ermentrude Bassford,29.6.2016
758,0,3,1,Branden Abotson,23.5.2016
759,0,8,1,Aaren Stubbe,17.7.2016
760,1,6,1,Ebenezer Swinfon,21.8.2016
761,0,6,1,Dacie Chantler,5.12.2016
762,1,7,1,Eleni Hedau,15.2.2017
763,0,5,1,Lizzy Ever,24.7.2016
764,1,4,1,Susanna Cutmore,4.10.2016
765,0,5,1,Tarrance Mance,28.6.2016
766,0,3,1,Poul Hards,26.6.2016
767,1,3,1,Isis Harnwell,15.5.2017
768,0,6,1,Aldric Kohnert,15.12.2016
769,0,3,1,Eadith Burdytt,3.6.2016
770,0,6,1,Noach Shiliton,14.12.2016
771,0,4,1,Rozamond Scaife,1.11.2016
772,1,3,1,Staci Quantrell,12.6.2016
773,1,2,1,Vernice Summersett,13.11.2016
774,0,9,1,Flynn Kirvin,7.5.2017
775,0,6,1,Laureen Gajownik,27.7.2016
776,1,6,1,Worth Orbell,9.1.2017
777,0,5,1,Lucius Whittier,8.8.2016
778,0,4,1,Sol Hallum,12.6.2016
779,0,5,1,Jason Mico,28.5.2016
780,1,3,1,Kissie Leedal,8.8.2016
781,1,7,1,Meade Frayling,13.10.2016
782,0,10,1,Annetta Mewitt,25.9.2016
783,1,12,1,Giralda Moatt,14.3.2017
784,0,4,1,Sigvard Nowakowski,25.4.2017
785,1,4,1,Clio Claiton,23.10.2016
786,0,5,1,Ali Shippard,15.10.2016
787,0,13,1,Janeczka Sadlier,13.1.2017
788,0,6,1,Mallory Churchman,18.9.2016
789,0,4,1,Jean Pargetter,6.3.2017
790,0,3,1,Aldric Mewburn,12.3.2017
791,1,8,1,Eward Grogona,2.11.2016
792,0,6,1,Walden MacGorrie,4.10.2016
793,1,4,1,Ancell Cardoe,7.6.2016
794,1,5,1,Fran Merigot,21.6.2016
795,0,5,1,Cati Talbot,12.3.2017
796,0,8,1,Lyssa Bending,1.12.2016
797,0,4,1,Ula Beevor,3.6.2016
798,0,5,1,Kari Kelby,6.11.2016
799,0,4,1,Ken Steiner,27.3.2017
800,1,12,1,Miof mela Gravestone,14.9.2016
801,0,4,1,Garrik Lyddiard,25.1.2017
802,0,4,1,Danny Crunden,31.7.2016
803,1,6,1,Ellerey Fincken,18.9.2016
804,1,7,1,Shellie Barten,21.12.2016
805,0,6,1,Carrol Beaven,5.2.2017
806,1,1,1,Georgie Avrahamian,15.5.2017
807,0,5,1,Merl Ryde,21.7.2016
808,0,4,1,Garik Darracott,27.7.2016
809,0,8,1,Irvin Doxsey,23.10.2016
810,0,4,1,Kiele McKew,4.3.2017
811,0,10,1,Cullie McNerlin,7.3.2017
812,0,8,1,Ashlie Sincock,13.4.2017
813,1,6,1,Nevsa Yanov,1.5.2017
814,1,5,1,Merla Gapp,6.8.2016
815,1,1,1,Kelley Clayson,20.8.2016
816,0,6,1,Jarad Sabben,2.5.2017
817,0,3,1,Anna-maria Rudolph,6.2.2017
818,0,6,1,Raphaela Greguol,21.5.2016
819,0,4,1,Carol-jean Muff,31.8.2016
820,1,6,1,Jacquenette Maryska,23.12.2016
821,1,9,1,Alicea Camilletti,4.8.2016
822,0,4,1,Carolann Nevison,13.8.2016
823,0,1,1,Silvano Coltan,8.8.2016
824,1,3,1,Rodolph Kleisel,25.11.2016
825,0,4,1,Prue Luke,17.6.2016
826,0,8,1,Leigh Franzewitch,20.12.2016
827,1,6,1,Raddy Casbon,5.6.2016
828,0,3,1,Codie Denidge,16.1.2017
829,0,10,1,Aurlie Marston,24.6.2016
830,0,8,1,Corene Doulden,29.4.2017
831,0,7,1,Aileen De la Zenne,5.8.2016
832,0,4,1,Bradly Cantor,20.3.2017
833,0,3,1,Gris Sherrocks,15.10.2016
834,1,6,1,Bobbie McGeorge,11.1.2017
835,1,5,1,Angelo Sturton,24.11.2016
836,1,7,1,Clark Scales,15.4.2017
837,1,4,1,Berget Banke,2.3.2017
838,1,5,1,Bonnie Valentetti,11.1.2017
839,1,9,1,Lauri Sallings,20.1.2017
840,1,4,1,Fraze McSharry,6.3.2017
841,0,7,1,Eberhard Maddams,7.4.2017
842,1,6,1,Raphaela Joy,9.10.2016
843,0,9,1,Darrin Watt,4.6.2016
844,0,4,1,Jarrett Bartelli,18.8.2016
845,1,5,1,Zolly Bangle,3.1.2017
846,1,2,1,Rolando Fray,14.9.2016
847,1,3,1,Pavlov Hourihan,30.7.2016
848,1,5,1,Glenn Kleine,13.7.2016
849,0,4,1,Vinny Josling,9.2.2017
850,1,7,1,Beatrisa Guite,28.1.2017
851,1,3,1,Jerrie Greystoke,14.11.2016
852,1,7,1,Belia Kearns,13.1.2017
853,0,9,1,Rebe Swancock,17.8.2016
854,0,5,1,Levey Spaunton,5.3.2017
855,0,5,1,Kailey Cleevely,19.9.2016
856,0,4,1,Bambie Poytress,3.6.2016
857,1,4,1,Devland Raddan,15.11.2016
858,0,6,1,Julina Hanford,25.3.2017
859,1,4,1,Melisent Bradock,7.12.2016
860,1,1,1,Kristopher Geraldez,8.5.2017
861,0,6,1,Isador Wintersgill,14.3.2017
862,0,3,1,Rodrick Mounsey,25.11.2016
863,1,7,1,Paco Glenny,9.9.2016
864,1,7,1,Vallie Patrick,13.4.2017
865,0,9,1,Theo Cobbledick,9.3.2017
866,0,5,1,Samuele Ernke,28.12.2016
867,0,8,1,Leone Finkle,12.11.2016
868,1,6,1,Farlie MacCarrick,15.4.2017
869,0,5,1,Phil Yakutin,4.6.2016
870,1,4,1,Leila Springett,28.10.2016
871,0,6,1,Grissel Derill,12.11.2016
872,1,7,1,Becka Yanyshev,31.8.2016
873,1,6,1,Collen Beeby,13.5.2017
874,1,2,1,Ellsworth Antoons,20.5.2016
875,0,4,1,Roseline Aberkirdo,16.4.2017
876,0,4,1,Arlina Gillatt,28.4.2017
877,0,7,1,Shaw Blaydon,14.9.2016
878,0,3,1,Nathanial Linturn,26.3.2017
879,0,5,1,Ekaterina Radenhurst,9.8.2016
880,1,6,1,Gill Gleader,10.7.2016
881,0,5,1,Krispin Udden,29.5.2016
882,0,1,1,Doyle Gazey,26.11.2016
883,0,6,1,Jaquelin Rangeley,10.5.2017
884,0,2,1,Dorelia Tennock,17.6.2016
885,0,4,1,Tuesday Pheazey,8.8.2016
886,1,4,1,Mahala McAneny,29.5.2016
887,0,3,1,Cristine McGragh,12.1.2017
888,0,6,1,Lothario McKinless,27.11.2016
889,0,5,1,Gail Sommerton,13.10.2016
890,1,6,1,David Huscroft,22.4.2017
891,0,12,1,Isis Pedwell,19.5.2016
892,1,4,1,Rosy Jephcote,8.8.2016
893,0,1,1,Jerrie Klarzynski,22.6.2016
894,0,6,1,Berky Hassey,17.5.2016
895,0,6,1,Smith Espinha,18.6.2016
896,0,10,1,Mahmoud Eyre,27.5.2016
897,1,3,1,Heinrick Rubanenko,13.6.2016
898,1,5,1,Tris Swainston,22.12.2016
899,1,8,1,Chico McFarlane,20.7.2016
900,0,7,1,Catie Dack,31.10.2016
901,0,5,1,Wash Oris,5.7.2016
902,0,7,1,Mervin Gimblet,6.8.2016
903,0,5,1,Darleen Manston,14.11.2016
904,0,3,1,Berty Flawith,23.10.2016
905,0,1,1,Mortie Stroobant,12.12.2016
906,0,5,1,Ellsworth Hadlington,19.10.2016
907,0,4,1,Anjanette Konerding,26.6.2016
908,1,5,1,Phip Regina,22.1.2017
909,0,4,1,Heinrick Tomek,18.4.2017
910,0,3,1,Lucretia Wybrow,27.4.2017
911,0,5,1,Gerianne Etter,18.6.2016
912,1,13,1,Emilie Crottagh,11.10.2016
913,1,3,1,Bail Scolding,22.7.2016
914,1,6,1,Nikolia Orringe,9.4.2017
915,1,5,1,Marina Barber,28.11.2016
916,0,6,1,Mavra McHardy,3.4.2017
917,1,5,1,Rowe Raunds,20.7.2016
918,0,2,1,Marji Eddington,5.1.2017
919,0,8,1,Willard Piggin,18.6.2016
920,1,7,1,Kristofor Cattellion,2.3.2017
921,0,5,1,Any Batchley,8.3.2017
922,0,3,1,Laetitia Way,6.3.2017
923,0,4,1,Bess Lunam,17.3.2017
924,0,6,1,Fredi Clifton,5.8.2016
925,0,5,1,Bartlett Birdsey,11.11.2016
926,0,1,1,Ray Dufall,6.6.2016
927,0,5,1,Constantin Shawe,13.4.2017
928,0,6,1,Louie Heakins,18.2.2017
929,1,9,1,Chandal Isbell,22.7.2016
930,0,2,1,Rutledge Hiom,27.9.2016
931,0,6,1,Ian Brocklehurst,11.6.2016
932,0,2,1,Etty McNiff,11.7.2016
933,1,7,1,Rollins Petts,24.10.2016
934,0,8,1,Verge Abade,20.11.2016
935,0,5,1,Cairistiona Haensel,30.3.2017
936,1,2,1,Cesya Rissom,17.12.2016
937,1,5,1,Christiano Marshfield,2.2.2017
938,0,4,1,Yetta Gierardi,10.4.2017
939,1,7,1,Marijn McDirmid,6.10.2016
940,0,4,1,Alie Chittim,12.3.2017
941,0,10,1,Reece Dureden,14.6.2016
942,1,2,1,Cecile Valek,9.7.2016
943,1,4,1,Isador Beers,13.8.2016
944,0,6,1,Dannie Elderfield,17.1.2017
945,0,4,1,Barrett Reeds,28.12.2016
946,0,6,1,Theodor Eichmann,2.2.2017
947,0,0,1,Georgette Morris,8.10.2016
948,1,5,1,Cordelie Jozaitis,26.5.2016
949,1,4,1,Niel Peplay,20.1.2017
950,1,5,1,Jaquenette Splaven,1.4.2017
951,1,4,1,Mohandis Dabinett,28.1.2017
952,0,2,1,Olav Lewer,19.10.2016
953,0,5,1,Claudianus Giacoppo,24.9.2016
954,0,4,1,Cassandry Blaes,5.12.2016
955,1,5,1,Eldin Conti,3.11.2016
956,1,4,1,Delly MacKerley,15.7.2016
957,0,6,1,Ludovika Jennings,21.4.2017
958,1,4,1,Melisse Bonnesen,20.5.2016
959,0,7,1,Tana Minto,19.3.2017
960,0,5,1,Kathleen Musso,31.3.2017
961,0,6,1,Nellie Pessel,27.1.2017
962,0,6,1,Chicky Gyer,5.3.2017
963,1,6,1,Byran Chern,18.6.2016
964,1,4,1,Melva Satford,8.9.2016
965,0,2,1,Ariana Marrison,6.4.2017
966,0,3,1,Averil Pepys,14.11.2016
967,0,2,1,Cymbre Bleasby,23.7.2016
968,0,4,1,Halie Coetzee,20.1.2017
969,1,6,1,Jules Bowton,29.1.2017
970,1,2,1,Christal Massy,15.9.2016
971,1,6,1,Shelden Quinnelly,5.2.2017
972,1,1,1,Tomlin Londsdale,23.9.2016
973,1,7,1,Eberhard Ygou,17.5.2016
974,0,5,1,Giffy Holdren,27.4.2017
975,0,6,1,Gusty Padginton,28.5.2016
976,1,8,1,Fan Runnett,14.2.2017
977,1,3,1,Florenza Schafer,9.4.2017
978,1,6,1,Baryram Howgate,10.10.2016
979,0,3,1,Marco Gerasch,22.9.2016
980,0,4,1,Sophey Cabrer,11.11.2016
981,0,3,1,Ottilie Custy,26.9.2016
982,0,5,1,Wang Bullard,9.3.2017
983,1,6,1,Ralf Legrand,27.3.2017
984,1,3,1,Orella Borell,6.10.2016
985,0,4,1,Darin Haworth,16.2.2017
986,0,5,1,Jaimie Brand,29.1.2017
987,0,5,1,Culver Fields,17.1.2017
988,0,4,1,Gaile Kleinerman,8.5.2017
989,0,5,1,Bennie Viscovi,7.4.2017
990,1,3,1,Merle Calbreath,8.8.2016
991,1,6,1,Vivyan Scurr,8.6.2016
992,1,9,1,Hagen Sainer,17.8.2016
993,0,3,1,Salomo Richardeau,15.4.2017
994,0,6,1,Nessie Darragh,23.8.2016
995,0,2,1,Lidia Gynn,5.5.2017
996,0,5,1,Marsha Keighly,15.7.2016
997,0,8,1,Vladamir Broadbent,9.3.2017
998,0,5,1,Samara Saturley,26.3.2017
999,1,5,1,Cross Raecroft,14.4.2017
1000,1,6,1,Sarette Hellyer,27.12.2016
